{"train/epoch":2.1649484536082473,"train/global_step":500,"_wandb":{"runtime":886},"_runtime":886,"_step":9,"train/learning_rate":6.543001686340641e-05,"train/loss":1.7986,"train/grad_norm":0.23679618537425995,"_timestamp":1.7546826433134775e+09}