{"_step":9,"train/loss":1.7985,"train/global_step":500,"_wandb":{"runtime":863},"_timestamp":1.7546838957379127e+09,"train/grad_norm":0.23600341379642487,"train/epoch":2.1649484536082473,"train/learning_rate":6.543001686340641e-05,"_runtime":863}