{"_step":19,"train/epoch":4,"_runtime":556,"eval/runtime":4.5554,"train/learning_rate":9.101941747572814e-06,"train_loss":5.687803045495764,"train/grad_norm":3.2916033267974854,"train/loss":5.0589,"total_flos":1.303906401939456e+16,"train_runtime":556.8422,"train/global_step":924,"_wandb":{"runtime":556},"eval/samples_per_second":90.003,"eval/loss":5.522961139678955,"train_steps_per_second":1.659,"train_samples_per_second":26.471,"eval/steps_per_second":11.415,"_timestamp":1.754690253792809e+09}